NumberOfElements	private_access	private_StdDev	global_read	read_StdDev	global_write	write_StdDev	read_write_access	read_write_StdDev	const_ivl_access	const_ivl_StdDev	ivl_access	ivl_StdDev	cont_const_access	cont_const_StdDev	two_cont_access	two_cont_StdDev	cont2_cont1_access	cont1_cont2_StdDev	local_access	local_StdDev	just_local_access	just_local_StdDev
131072	-0.12159	0.354336	-0.145279	0.314455	35.062	1.31149	101.865	2.51162	47.6431	1.42326	35.8253	1.1232	103.244	2.67354	107.158	2.55698	123.427	2.93731	37.61539999999999	0.897577	2.553399999999996	0.897577
262144	0.0550346	0.7098449999999999	-0.437763	0.637578	63.6758	2.39783	210.665	5.06556	105.484	3.14783	88.13039999999999	2.90615	213.958	5.27242	226.862	5.6649	257.086	5.89337	79.703	1.8078	16.027	1.8078
393216	-0.161301	0.739272	-0.0640259	0.758319	95.5202	3.54769	289.721	6.79282	149.603	4.49141	124.313	3.97039	315.883	7.63584	318.619	7.74338	390.829	8.38428	132.6768	3.41573	37.15699999999998	3.41573
524288	-0.424347	0.831155	-0.240005	1.40049	159.77	5.29467	470.01	10.533	212.392	6.37822	199.673	6.16293	463.733	11.0672	471.398	10.5601	472.229	0.746662	175.745	4.59156	15.97499999999997	4.59156
655360	0.798737	0.9303	-0.456955	0.746945	159.487	5.79713	476.933	11.7095	253.328	7.67367	203.878	6.68556	519.176	12.9702	516.487	12.4378	642.386	14.0325	206.85	5.55781	47.363	5.55781
786432	0.336014	0.809214	-0.65538	0.62983	189.202	6.70736	603.917	14.0369	289.467	8.8276	236.726	7.3155	598.353	14.5199	622.341	14.1674	774.8	18.4457	256.454	6.09286	67.25200000000001	6.09286
917504	-1.06107	0.6513600000000001	-0.9772189999999999	0.621228	174.453	3.92675	711.549	15.9415	303.522	7.81667	236.016	7.3679	662.3390000000001	12.7449	688.747	14.5634	942.275	20.3337	289.293	8.693720000000001	114.84	8.693720000000001
1048576	-1.01054	0.508163	-1.06815	0.272792	257.969	9.01263	810.131	20.2494	392.491	11.3405	302.577	9.94486	794.027	17.2358	847.236	20.1406	1025.01	22.2943	354.919	8.89809	96.94999999999999	8.89809
1179648	-1.43935	0.0408905	-1.0502	0.0247097	280.349	9.82396	879.112	21.7974	466.185	13.6849	351.63	10.4319	839.213	18.1513	884.98	16.1369	1233.59	29.2808	389.9200000000001	8.546150000000001	109.571	8.546150000000001
1310720	-4.56004	0.661377	-5.81125	0.0461198	248.581	2.45856	958.374	18.1437	447.251	12.956	374.502	12.6452	970.776	22.6792	1007.78	22.8691	1276.8	29.0624	475.537	13.7107	226.956	13.7107
1441792	-1.3837	0.517204	-1.54056	0.398178	318.644	10.5327	1120.64	25.1144	521.1559999999999	16.0046	438.333	13.184	1065.04	25.2759	1082.08	24.3924	1472.9	28.6489	466.908	12.1083	148.264	12.1083
1572864	-0.166351	0.716177	-1.26141	0.469307	377.141	12.6609	1130.19	14.5358	565.062	15.0194	440.167	12.8258	1173.49	26.4027	1168.44	16.7677	1538.51	32.2722	524.8310000000001	13.2271	147.6890000000001	13.2271
1703936	-0.360352	0.8023670000000001	-1.72797	0.392644	410.55	14.2262	1331.96	27.0023	549.519	14.6777	496.314	16.0965	1255.73	29.7408	1314.29	24.2646	1651.26	28.2493	573.693	13.5622	163.144	13.5622
1835008	-1.21729	0.462973	-0.282867	0.590266	420.319	15.5216	1420.29	35.3205	635.1130000000001	16.2719	530.511	16.5235	1428.1	30.6635	1429.75	27.357	1834.75	38.6026	631.3440000000001	16.7165	211.025	16.7165
1966080	-0.601593	0.0442866	0.506256	0.444286	453.589	15.8381	1560.8	30.1247	641.412	16.1113	620.95	18.2898	1504.34	27.4639	1468.93	26.5252	1884.23	32.0562	663.7619999999999	17.7116	210.1729999999999	17.7116
2097152	-0.410248	0.0438404	0.0012207	0.02497	479.512	15.9673	1585.91	34.4064	735.544	17.9646	579.048	17.896	1542.46	34.2573	1607.34	39.59	2090.91	43.7909	669.4129999999999	15.323	189.901	15.323
2228224	-0.424957	0.0435311	0.00689697	0.024235	529.227	16.6535	1705.38	39.3122	761.837	19.2238	618.842	18.4554	1678.11	41.2763	1711.01	39.4298	2164.22	34.5508	759.139	20.1648	229.912	20.1648
2359296	-0.416016	0.0463823	-0.0389404	0.0229758	553.505	17.8086	1833.04	43.1384	832.755	23.6705	636.8339999999999	18.5505	1822	34.1786	1812.88	35.278	2264.11	31.1641	797.9040000000001	22.672	244.4000000000001	22.672
2490368	-0.383392	0.0417544	0.0371094	0.0262423	548.846	17.4646	1916.45	41.0373	877.449	25.8561	638.304	17.433	1866.91	41.935	1892.4	37.0716	2479.09	42.7181	868.3050000000001	22.1223	319.46	22.1223
2621440	-0.305206	0.0413238	-0.026886	0.0249097	610.971	21.4961	2079.9	35.2487	860.658	24.7878	758.6	22.8294	1942.61	39.8433	1966.15	33.194	2636.65	48.1838	849.0719999999999	22.5519	238.0999999999999	22.5519
2752512	-0.447937	0.0427061	0.0147095	0.0228025	659.222	20.1832	2128.88	42.9276	996.568	28.64	750.99	20.6348	2035.24	41.4773	2247.23	52.9252	2742.72	47.3658	925.6279999999999	24.5558	266.4100000000001	24.5558
2883584	-0.401184	0.0416855	-0.00634766	0.0222502	714.6950000000001	24.8867	2147.5	34.5626	907.466	0.6461170000000001	714.453	1.36347	2118.49	40.6323	2201.53	40.209	2876.97	46.2154	960.3129999999999	26.0862	245.6199999999999	26.0862
3014656	-0.476074	0.0385769	-0.0465088	0.0237578	688.155	20.1317	2352.18	48.1652	998.692	30.0112	825.249	24.6407	2223.11	42.2108	2348.84	44.9939	3029.04	48.8888	957.9029999999999	23.2438	269.75	23.2438
3145728	-0.442932	0.0412822	-0.0497437	0.0279494	716.372	20.986	2426.62	46.9454	1061.85	32.6285	855.414	23.1875	2400.07	49.6202	2379.44	38.5942	3117.8	46.9016	1037.171	22.2996	320.8	22.2996
3276800	-0.447266	0.0399492	0.0231934	0.0283279	740.319	25.0509	2472.44	41.5489	1159.48	28.9065	908.1799999999999	26.4797	2441.74	48.3938	2490.48	39.0772	3256.05	47.23	1140.425	31.1084	400.1099999999999	31.1084
3407872	-0.408386	0.0379663	-0.0237427	0.0278324	784.9299999999999	27.721	2602.08	45.1894	1136.31	30.5899	924.2859999999999	24.8123	2534.93	47.6496	2683.12	50.9163	3432.71	47.1283	1117.291	25.6971	332.3599999999999	25.6971
3538944	-0.5125729999999999	0.0360379	-0.0980835	0.0256163	827.309	27.8764	2868.36	55.427	1242.75	29.2582	991.794	29.2014	2885.39	54.3627	2851.49	49.1296	3423.66	37.9845	1203.174	28.6894	375.8600000000001	28.6894
3670016	-0.474426	0.0375667	-0.00512695	0.0250411	923.522	25.9928	2762.13	38.6545	1174.37	18.8405	938.184	21.5107	2635.66	39.8118	2744.94	37.8309	3583.39	44.6176	1220.139	33.7032	296.6199999999999	33.7032
3801088	-0.371826	0.0410037	-0.00512695	0.0238816	858.958	26.3183	2920.78	48.8439	1342.66	31.8409	1051.81	29.0629	2783.74	48.6363	2923.03	49.0315	3800.41	52.377	1281.267	26.4284	422.3099999999999	26.4284
3932160	-0.44989	0.041196	0.00146484	0.0288829	926.997	30.8082	3061.4	48.7494	1333.35	36.1403	1104.16	31.2478	2912.29	56.1255	2935.41	36.3792	3913.89	54.1397	1379.824	34.7849	452.8299999999997	34.7849
4063232	-0.346863	0.0390154	0.0128174	0.0210675	892.222	30.6336	3122.85	49.3146	1400.51	27.5762	1053.99	24.7385	2951.5	52.5418	3171.67	51.6857	4044.67	51.1817	1349.884	36.3853	457.6600000000001	36.3853
4194304	-0.476257	0.0357733	-0.0113525	0.0288862	984.789	30.1379	3249.09	53.0737	1500.73	35.3641	1114.26	36.5473	3110.22	60.9232	3246.52	50.5285	4210.06	53.8985	1510.619	36.6255	525.8299999999999	36.6255
4325376	-0.418945	0.0324002	-0.0273438	0.0317232	1062.69	34.9106	3428.57	57.8711	1560.41	36.0541	1211.82	33.1758	3032.15	29.8375	3282.1	45.5515	4226.31	43.4644	1498.803	33.1369	436.1099999999999	33.1369
4456448	-0.453918	0.0367359	-0.0282593	0.0233375	1010.86	26.4847	3374.39	45.9078	1465.48	33.0098	1182.77	34.9683	3321.94	53.4025	3372.31	42.2517	4411.57	48.2268	1569.718	35.5377	558.8600000000001	35.5377
4587520	-0.404968	0.0364673	0.048645	0.0218702	1074.37	31.1539	3522.03	53.3138	1573.12	43.9497	1235.75	41.4221	3464.71	55.0468	3557.63	52.2491	4603.48	53.347	1613.877	26.594	539.51	26.594
4718592	-0.478577	0.0420465	0.0192871	0.0206277	1125.14	33.3623	3692.52	54.6952	1601.98	42.0722	1319.37	32.2061	3432.44	46.2393	3618.04	47.8356	4634.87	49.2048	1613.822	42.4247	488.6800000000003	42.4247
4849664	-0.382507	0.0439545	-0.00372314	0.0271504	1151.68	32.5991	3692.71	47.5881	1681.66	43.523	1293.59	39.2739	3640.31	49.6197	3751.85	51.8882	4841.73	52.8903	1699.081	39.9306	547.3999999999996	39.9306
4980736	-0.417419	0.0372265	0.0176392	0.0209605	1210.11	36.2265	3829.62	52.2589	1701.92	45.5813	1315.86	35.6111	3705.63	49.7795	3858.1	52.2468	5064.86	56.3781	1695.497	39.0113	485.3900000000003	39.0113
5111808	-0.421936	0.0412975	-0.0166016	0.018118	1239.28	34.7028	4231.22	52.1603	1740.55	43.2443	1451.3	36.3752	3621.24	24.8852	3997.93	50.3684	4927.46	43.2823	1705.434	40.5263	466.1500000000001	40.5263
5242880	-0.389893	0.0423788	-0.0220337	0.0250421	1220.41	43.0964	4031.03	52.6274	1706.38	27.6524	1495.53	35.3164	3824.03	45.127	4015.51	53.5779	5133.88	52.1443	1806.61	34.788	586.21	34.788
5373952	-0.52478	0.0333338	-0.00769043	0.0230548	1263.21	32.175	4114.1	51.7049	1802.85	41.0634	1434.64	44.007	3904.24	51.3415	4158.23	58.3237	5387.33	61.7388	1768.61	38.4679	505.4099999999999	38.4679
5505024	-0.450562	0.040986	0.0197754	0.0224502	1278.87	31.5782	4202.44	50.7747	1906.51	47.7469	1484.29	45.1758	4064.7	58.7957	4277.05	56.9081	5526.03	58.2852	1887.39	38.0304	608.52	38.0304
5636096	-0.53894	0.0322825	-0.06933590000000001	0.0242963	1367.02	38.4907	4294.66	54.1719	1936.63	48.4371	1509.36	39.8383	4107.8	63.6629	4367.21	55.4893	5665.14	57.6859	1910.84	43.5181	543.8199999999997	43.5181
5767168	-0.410278	0.0380941	-0.0057373	0.0234882	1381.96	36.3272	4447.77	55.4777	2013.02	49.9668	1544.31	42.8071	4324.71	69.9395	4461.98	53.1954	5814.47	55.3916	1829.5	34.7755	447.5500000000002	34.7755
5898240	-0.465332	0.0377555	-0.00134277	0.0235241	1438.44	37.29	4899.21	50.7422	2156.72	58.4053	1688.79	54.8379	4776.76	51.4663	4484	48.3255	5761.32	47.2276	1995.76	38.6256	557.3199999999997	38.6256
6029312	-0.447876	0.0404576	-0.0078125	0.0196755	1588.38	44.4272	4495.62	48.0078	1983.32	38.467	1756.72	58.093	4366.33	55.985	4580.53	49.7978	5949.8	52.643	2076.23	34.7504	487.8499999999999	34.7504
6160384	-0.433105	0.0358238	-0.00341797	0.0204701	1354.87	37.8641	4682.16	55.0867	2117.62	49.5067	1566.04	32.9227	4522.96	55.937	4750.22	54.0237	6151.2	53.7627	2169.54	33.1645	814.6800000000003	33.1645
6291456	-0.322021	0.0410763	-0.0273438	0.0225746	1465.88	45.7626	4827.52	55.7231	2228.34	56.8564	1680.53	44.5241	4700.78	54.0028	4852.2	54.5894	6305.43	53.298	2138.14	44.4719	672.27	44.4719
6422528	-0.432495	0.0431049	-0.0228271	0.0213905	1473.55	44.0217	5006.94	55.3368	2233.26	50.0603	1775.2	52.8155	4751.98	52.3541	5034.9	54.7006	6421.78	54.2882	2175.25	41.6782	701.6999999999998	41.6782
6553600	-0.492065	0.0321958	0.0313721	0.0225661	1493.61	42.3403	5078.51	55.3713	2181.31	42.3095	1797.78	51.5673	4942.76	52.8987	5055.06	57.6605	6666.77	54.6897	2319.71	43.8671	826.0999999999999	43.8671
6684672	-0.479248	0.0428585	-0.0308838	0.0210009	1602.43	53.3478	5310.87	54.3075	2289.03	50.4794	1796.47	47.4896	4984.64	56.7875	5199.43	58.5747	6860.81	54.9674	2245.16	44.001	642.7299999999996	44.001
6815744	-0.517578	0.0354915	-0.00915527	0.0243358	1668.48	56.7481	5137.64	48.8561	2293.68	45.6468	1775.39	39.4474	4995.77	54.1942	5235.56	59.0223	6799.16	60.317	2303.37	46.8585	634.8899999999999	46.8585
6946816	-0.400391	0.0392292	-0.00769043	0.0228344	1706.4	55.5732	5386.84	59.6444	2365.09	49.4913	2105.66	61.6141	5179.76	69.0514	5291.33	57.884	6904.14	60.6783	2428.9	38.55	722.4899999999998	38.55
7077888	-0.325195	0.0389705	0.0203857	0.0242776	1651.86	50.3183	5468.46	58.3187	2353.27	42.3208	1851.52	45.5748	5263.81	72.7334	5492.26	59.7003	7009.68	59.9326	2252.23	54.5336	600.3599999999997	54.5336
7208960	-0.377563	0.0375931	0.019043	0.019575	1710.64	55.9936	5530.44	58.1131	2466.07	53.2216	1959.01	51.4611	5303.17	66.51690000000001	5507.81	55.3878	7139.83	58.1705	2480.59	47.144	769.9499999999998	47.144
7340032	-0.496826	0.0377453	0.00268555	0.0251471	1709.61	54.7533	5665.22	61.1678	2435.61	42.2607	2007.15	53.0612	5524.26	73.2841	5676.98	55.3501	7333.87	51.8774	2497.94	46.3958	788.3299999999999	46.3958
7471104	-0.47583	0.0387752	-0.0383301	0.0246077	1721	52.7016	5706.23	60.7664	2582.63	53.7524	2008.18	48.3597	5599.07	66.91630000000001	5871.03	54.9222	7662.43	40.3533	2570.39	49.0869	849.3899999999999	49.0869
7602176	-0.375732	0.0389278	-0.0201416	0.0224874	1850.74	61.2207	6046.71	52.8356	2610.48	52.3442	2143.04	58.244	5902.83	37.977	5848.23	53.2476	7503.51	50.7631	2551.64	48.0913	700.8899999999999	48.0913
7733248	-0.454834	0.0400208	-0.0123291	0.0234053	1848.27	55.9009	5927.83	57.9331	2441.91	15.119	2198.82	60.0711	5623.07	40.5002	5919.5	54.402	7701.19	55.809	2651.67	48.4951	803.4000000000005	48.4951
7864320	-0.513184	0.0326078	-0.0222168	0.0291027	1791.8	43.3604	6028.96	53.9073	2662.81	51.3248	1987.26	37.5721	5838.54	47.0133	6035.81	58.1006	7863.41	58.1931	2757.68	48.6565	965.8800000000001	48.6565
7995392	-0.421021	0.0422574	-0.0512695	0.0243105	1881.02	54.7252	6151.54	54.4753	2742.94	55.3581	2209.98	57.8174	5902.3	54.1742	6134.58	57.7259	8046.77	58.7804	2633.49	47.7173	752.4699999999998	47.7173
8126464	-0.396851	0.0426897	-0.008544919999999999	0.0246754	1938.35	57.0129	6296.54	55.0539	2839.85	56.4635	2265.39	57.9669	6030.19	57.7295	6334.61	61.414	8165.45	58.1463	2805.54	43.3772	867.1899999999996	43.3772
8257536	-0.512207	0.0365582	-0.0166016	0.0226515	1964.95	55.4925	6419.58	56.6323	2850.35	55.219	2234.8	50.9495	6191.75	69.27249999999999	6306.05	60.7466	8000.4	56.6488	2827.1	47.5508	862.1500000000001	47.5508
8388608	-0.473877	0.0404709	-0.043457	0.0216906	2040.22	61.7051	6271.68	51.5738	2846.73	53.0055	2246.92	52.0941	6370.72	66.8888	6417.74	58.4745	8358.5	55.9012	2885.02	50.049	844.7999999999997	50.049
8519680	202.88	0.0384061	203.301	0.026008	2156.71	50.7781	6750.1	61.3095	3100.5	53.3986	2540.92	56.2071	6405.67	73.184	6861.39	56.2346	8728.129999999999	51.4058	3098.63	44.1832	941.9200000000001	44.1832
8650752	-0.366577	0.0420473	0.00878906	0.0203689	2084.24	63.7791	6597.85	61.8387	3123.57	58.0964	2352.67	55.9122	6400.39	68.8189	6649.02	54.3062	8594.67	50.7865	3047.52	38.8198	963.2799999999997	38.8198
8781824	-0.416382	0.0391763	0.0185547	0.0225214	2101.25	60.2588	6698.49	62.3975	2932.16	47.0545	2375.68	53.1875	6559.07	58.6402	6730.98	52.4836	8750.190000000001	49.8933	2844.5	55.3517	743.2399999999998	55.3517
8912896	-0.483521	0.035824	-0.0339355	0.0214462	2067.93	52.5964	6821.6	58.4383	3061.05	58.0932	2387.93	54.248	6589.46	49.8897	6879.93	55.618	8855.93	54.7336	2993.24	49.9111	925.3100000000004	49.9111
9043968	-0.392578	0.0363893	-0.0229492	0.0223346	2187.42	61.8633	7027.86	55.9443	3056.5	51.7245	2460.57	55.6199	6691.42	47.7449	6953.66	57.9879	9255.200000000001	31.9048	3079.55	51.6663	892.1199999999999	51.6663
9175040	-0.45752	0.0351796	-0.0356445	0.0204409	2184.94	57.9333	7006.02	53.6022	3167.11	59.2575	2446.92	52.2335	6974.61	55.0497	7157.37	60.5982	9021.889999999999	56.4569	3069.63	56.5255	884.6900000000005	56.5255
9306112	-0.401245	0.0420506	-0.00488281	0.0250114	2230.76	59.898	7117.68	54.9925	3227.57	57.2203	2605.16	56.7144	6904.82	53.7989	7051.34	61.5516	9170.77	59.3803	3178.33	42.184	947.5599999999999	42.184
9437184	-0.394531	0.0400329	-0.019165	0.0207335	2366.28	66.5172	7156.76	58.5201	3101.18	43.9063	2490.55	51.2831	6860.08	74.2403	7261.66	61.085	9440.780000000001	51.9353	3260.88	48.6212	894.5900000000001	48.6212
9568256	-0.438965	0.043652	-0.0246582	0.0214073	2186.2	51.5484	7253.36	58.505	3150.86	46.6797	2450.56	39.7972	7090.27	76.2948	7409.14	58.0175	9520.99	54.859	3113.43	69.34650000000001	927.2400000000002	69.34650000000001
9699328	-0.456909	0.0377678	0.0137939	0.0236033	2196.67	53.6671	7494.67	60.8462	3354.76	59.6262	2660.37	60.5149	7219.6	71.702	7567.85	53.4913	9741.49	41.4721	3259.58	54.592	1062.91	54.592
9830400	-0.421997	0.0438386	0.0142822	0.0221392	2377.83	67.9289	7534.3	62.6256	3461.76	59.5887	2698.02	60.4063	7429.95	65.1755	7575.04	53.2442	9828.26	45.2605	3346.14	45.7639	968.3100000000004	45.7639
9961472	-0.411865	0.0433187	-0.0196533	0.0267574	2380.67	62.6863	7785.4	52.0768	3415.99	56.7809	2666.48	57.1767	7378.07	58.3088	7708.31	53.3509	9850	53.8879	3411.54	50.5747	1030.87	50.5747
10092544	-0.479492	0.0375421	-0.0375977	0.0269791	2372.84	58.181	7712.57	51.497	3514.85	59.7269	2713.03	54.4553	7617.47	41.9364	7760.84	55.9663	10064.4	55.1644	3507.18	45.7442	1134.349999999999	45.7442
10223616	-0.485474	0.0413344	-0.0351562	0.0312807	2423.85	59.3903	7779	55.4324	3485.06	58.6812	2682.05	51.9518	7648.79	60.8807	7889.99	59.0667	10199.5	51.7862	3532.67	47.3111	1108.820000000001	47.3111
10354688	-0.437866	0.0377292	0.0462646	0.0240516	2471.29	63.5308	7940.11	55.5065	3488.87	54.6004	2902.6	59.713	7668.39	69.9316	7923.62	62.7098	10301.1	57.916	3680.070000000001	29.021	1208.77	29.021
10485760	-0.370728	0.0404273	-0.0090332	0.0261214	2483.78	61.1022	8075.89	58.4613	3497.52	52.6227	2847.54	59.3037	7761.75	80.1062	8068.31	56.69	10465.5	54.3762	3558.03	45.7265	1074.25	45.7265
10616832	-0.504028	0.0381836	0.0212402	0.02131	2465.08	60.7853	8112.54	63.524	3635.63	59.2524	2913.38	60.8786	7961.95	79.5247	8127.67	60.9731	10735.8	35.7595	3504.57	74.5428	1039.48	74.5428
10747904	-0.371704	0.0424347	0.00158691	0.0284613	2517.34	62.082	8187.05	62.7851	3667.17	57.6916	2943.9	60.3371	7957.73	65.702	8375.690000000001	47.1826	10778.4	35.2732	3575.2	58.2513	1057.860000000001	58.2513
10878976	-0.457031	0.0456986	-0.0214844	0.0241849	2641.96	69.2753	8521.01	49.2355	3665.22	56.5581	2997.68	64.7366	8042.32	60.2768	8103.04	43.3397	10804.2	44.3507	3716.79	46.3994	1074.83	46.3994
11010048	-0.418701	0.0395589	-0.0107422	0.0256272	2593.54	58.7482	8342.24	57.3636	3731.55	57.9783	3041.28	62.1292	8072.01	46.0773	8512.24	53.5998	11032.7	43.373	3799.02	41.8136	1205.48	41.8136
11141120	-0.469482	0.0389163	-0.0119629	0.0232369	2539.17	50.2742	8579.389999999999	52.0392	3743.45	54.3905	3007.35	58.6403	8300.389999999999	56.3907	8567.440000000001	57.8292	11151.1	50.3755	3797.87	48.4923	1258.69	48.4923
11272192	-0.387695	0.0401237	0.0300293	0.0242423	2563.85	52.1162	8639.17	52.8929	3873.89	59.3025	3101.13	63.2743	8497.540000000001	57.0895	8758.58	56.8555	11287	44.9015	3652.79	47.995	1088.94	47.995
11403264	-0.383545	0.0425538	-0.0373535	0.0223969	2704.68	62.4218	8890.77	47.2303	3890.74	59.2454	3084.12	59.4598	8543.879999999999	83.5651	8804.75	60.1409	11416.1	44.1294	3909.58	51.813	1204.900000000001	51.813
11534336	-0.424316	0.0393212	0.00756836	0.0239456	2717.24	62.7384	8894.780000000001	58.3015	3931.85	59.3205	3070.2	53.8072	8646.68	77.4169	8838.780000000001	57.662	11493.2	39.7925	3903.34	52.8916	1186.1	52.8916
11665408	-0.434082	0.0394575	0.00683594	0.0280627	2675.99	58.9992	9047.629999999999	55.7816	3958.96	58.3527	3148.94	58.8432	8565.280000000001	77.7826	8894.049999999999	55.4589	11663.2	37.6885	3953.88	52.4544	1277.89	52.4544
11796480	-0.45752	0.036448	-0.0375977	0.0261546	2696.6	57.5387	9112.08	53.2897	4082.26	61.5739	3247.13	64.8695	8690.280000000001	69.1404	9215.139999999999	34.9067	11777.7	40.0866	4062.030000000001	49.9579	1365.42	49.9579
11927552	-0.409424	0.0382421	-0.0490723	0.0192493	2899.73	67.21339999999999	9179.370000000001	52.2377	4017.98	56.655	3154.49	57.3474	8930.790000000001	39.9328	9129.42	51.9207	11902.7	45.9992	4093.14	46.1046	1193.410000000001	46.1046
12058624	-0.407715	0.0367192	-0.0102539	0.0253557	2780.24	53.0795	9266.4	50.2081	4091.88	59.7401	3224.49	59.6339	9017.879999999999	48.0389	9313.57	53.155	12021	50.3811	3945.19	51.5848	1164.96	51.5848
12189696	-0.436035	0.0378363	-0.00292969	0.0293519	2859.3	60.2622	9364.33	50.8083	4167.48	58.3167	3311.76	61.4594	9181.25	49.5205	9426.42	57.3874	12200.5	43.5725	4090.5	49.9128	1231.200000000001	49.9128
12320768	-0.408203	0.0408286	-0.0375977	0.0240922	2823.2	58.4023	9556.5	48.0143	4250.56	61.2874	3393.88	64.0121	9214.809999999999	73.6301	9493.110000000001	58.4893	12163.5	49.9692	4153.29	55.1404	1330.09	55.1404
12451840	-0.447754	0.0420993	-0.0268555	0.0210278	2950.89	64.655	9633.92	49.967	4270.67	60.3811	3443.8	64.9196	9470.190000000001	59.466	9303.389999999999	54.3167	12451.6	32.4025	4200.98	55.5547	1250.09	55.5547
12582912	-0.470947	0.0415084	-0.0258789	0.0224545	2948.09	65.65560000000001	9362.85	58.4423	4322.48	60.2265	3508.98	65.2313	9188.18	71.7646	9758.84	41.3068	12564.8	34.7249	3893.86	120.895	945.7700000000004	120.895
12713984	-0.43457	0.0405601	0.00170898	0.0268387	2998.61	68.98909999999999	9804.4	51.5053	4282.32	59.4396	3582.29	62.666	9452.08	55.2229	9810.76	47.7294	12725.8	30.522	4083.87	105.629	1085.259999999999	105.629
12845056	-0.463867	0.0407257	-0.0532227	0.0225384	2901.74	56.1287	9892.549999999999	46.2367	4520.54	59.3027	3409.87	58.5113	9637.84	39.4973	9911.110000000001	47.1491	12800.4	40.5219	3682.95	107.35	781.1999999999998	107.35
12976128	-0.448975	0.0364237	-0.0410156	0.0270508	3080.25	67.2183	9954.190000000001	48.5737	4448.09	59.3427	3451.11	61.4583	9569.219999999999	56.9631	9934.139999999999	60.0971	12976	39.4965	3456.63	106.735	376.3800000000001	106.735
13107200	-0.437012	0.0418108	-0.0649414	0.0240329	3048.69	59.3303	10036.2	48.6305	4470.55	57.5894	3536.97	61.5246	9795.860000000001	70.15600000000001	10076.6	56.7029	13086.7	37.3345	3072.68	108.906	24	108.906
13238272	-0.471924	0.0396292	-0.013916	0.0193673	3115.81	59.9921	10203.4	50.2386	4520.67	59.1858	3597.31	65.1884	9867.870000000001	75.25449999999999	10123.5	59.1041	13240.3	22.6784	3913.889999999999	108.288	798.0899999999992	108.288
13369344	-0.367676	0.0397493	-0.0090332	0.0232549	3202.98	66.18810000000001	10272.4	53.0152	4652.75	61.5509	3580.46	61.1664	9936.58	80.0318	10255.9	52.0936	13284.8	40.5508	3370.44	105.228	167.46	105.228
13500416	-0.296875	0.0415009	-0.00927734	0.0262104	3191.35	65.8002	10402	50.7422	4606.22	59.3687	3707.12	62.1152	9992.030000000001	57.2899	10488.6	38.5282	13464.7	28.0085	3373.35	116.262	182	116.262
13631488	-0.450195	0.0375113	-0.0244141	0.0250113	3290.89	69.34650000000001	10472.5	49.4298	4550.71	57.6277	3571.42	54.9034	10250.3	46.3175	10509	45.5234	13635.2	28.0949	3509.51	113.311	218.6099999999997	113.311
13762560	-0.474854	0.0390902	-0.0297852	0.0218821	3135.54	60.2956	10599.7	45.233	4681.3	58.911	3770.85	63.6722	10285.2	53.3691	10683.4	41.9843	13802.9	18.4007	3061.5	106.079	-74.03999999999996	106.079
13893632	-0.491943	0.0371456	0.00805664	0.0196113	3213.02	60.024	10662.7	48.9438	4689.77	59.55	3799.95	65.2076	10446.9	56.4154	10717.8	52.6598	13904.1	18.6028	3052.71	111.039	-160.3100000000004	111.039
14024704	-0.36084	0.0410157	-0.0168457	0.0243959	3324.7	61.3061	10813.9	48.2261	4708.48	56.5043	3744.75	62.3526	10562.6	68.33629999999999	10972	33.2289	14047.2	16.3174	3020.05	109.496	-304.6599999999999	109.496
14155776	55.5698	0.0356264	55.9675	0.0234607	3372.8	64.43600000000001	10968.9	48.9307	4845.11	60.0985	4041.19	64.8246	10619.2	70.64490000000001	10942.6	46.1402	14239.4	23.8226	3604.45	122.086	231.6400000000003	122.086
14286848	-55.9016	39.342	-84.1755	47.6671	3346.88	67.2392	10950.9	51.0862	4882.67	62.1018	3901.61	64.8103	10719.3	54.3825	10962.9	47.2852	14358.6	33.5304	4139.41	130.159	792.54	130.159
14417920	-0.104004	48.1168	-86.1824	37.9473	3581.67	72.0016	11165.4	44.6489	4839.02	56.8709	4063.73	63.8512	10952.5	49.8364	11192.7	46.2729	14505.6	20.0528	3732.25	122.238	150.5900000000001	122.238
14548992	387.808	50.2821	589.623	0.0207311	3974.45	61.1035	11859.6	32.4075	5460.55	60.6555	4436.65	59.7063	11539.3	48.4617	11802.4	49.7019	15181.1	27.6282	3557.429999999999	113.712	-417.0200000000004	113.712
14680064	13.6699	43.5287	100.68	40.4269	3614.92	64.0193	11414.6	46.1519	5148.85	61.0417	4091.09	63.5429	11253.9	54.9823	11492.2	47.298	14878	31.9206	2937.91	107.634	-677.0200000000004	107.634
14811136	-10.5901	44.6654	19.1824	42.2603	3666.45	62.1162	11674.4	35.7259	5200.48	59.8431	4258.59	61.5466	11245.7	74.42619999999999	11705.1	41.2578	15121.7	40.5345	2912.73	103.912	-753.7200000000003	103.912
14942208	89.93770000000001	37.6892	-122.752	49.6175	3782.78	66.9165	11638.7	47.7064	5341.83	62.3963	4179.94	61.6938	11137.3	74.11239999999999	11714.1	39.7777	15130.1	28.8631	2728.36	103.865	-1054.42	103.865
15073280	-96.9551	49.0742	119.605	50.2745	3730.26	67.1816	11731.4	48.5714	5482.77	60.1468	4341.11	63.7358	11383.8	50.7377	11846	39.5491	15356.7	44.0697	3069.18	112.855	-661.0700000000006	112.855
15204352	30.1394	45.0799	-20.283	41.7529	3726.59	71.2538	11892.4	36.5658	5260.46	60.9117	4283.06	63.7672	11588.9	47.0983	11852.9	40.2142	15492.7	35.5596	3261.56	113.515	-465.0299999999997	113.515
15335424	5.16821	49.0607	64.5583	47.0872	4098.98	67.8241	12252.5	36.6073	5733.25	61.1653	4494.67	59.052	11983.1	48.091	12279.2	43.8671	15791.1	11.6481	3489.94	115.365	-609.0500000000002	115.365
15466496	-100.204	48.5291	-7.91113	51.6275	3915.78	62.5176	12253.1	29.3323	5532.29	60.2105	4492.35	63.1251	11855.7	71.194	12334.5	28.5197	15832.4	39.1179	3156.400000000001	115.163	-759.3800000000001	115.163
15597568	-70.58620000000001	49.826	-31.0608	48.4043	4039.34	62.7727	12433.3	39.1655	5739.43	61.9721	4558.11	62.871	12193.4	60.7146	12372.8	40.966	16053.2	41.2385	3222.969999999999	110.274	-816.3600000000006	110.274
15728640	769.422	46.4551	606.095	48.5065	4756.03	66.49930000000001	13092.1	42.5101	6348.35	60.8843	5224.41	61.8496	12561.2	49.0673	13207.1	26.812	16768.6	36.0772	3881.25	110.034	-874.7799999999997	110.034
15859712	-165.043	47.1641	37.4072	53.2391	4143.54	72.41930000000001	12569.3	32.0964	5891.68	60.032	4695.43	63.3667	12296.6	42.61	12631.3	30.7254	16237.7	38.0051	3329	117.387	-814.5299999999997	117.387
15990784	74.38890000000001	45.5697	540.758	0.0250237	4261.17	67.5759	12862.8	26.338	6016.93	57.1764	4916.58	63.912	12558.4	44.9271	12868	32.2555	16561.2	34.5212	3486.79	118.885	-774.3800000000001	118.885
16121856	74.84910000000001	48.204	645.369	0.0226547	4302.55	59.5716	13026.2	36.6464	6145.27	60.0438	4810.6	53.2212	12722.2	54.0578	13069.3	39.4957	16810.6	47.9763	4073.41	127.026	-229.1499999999996	127.026
16252928	-91.45	45.6812	576.009	0.027364	4371.16	62.2159	13070.8	34.481	6191.68	60.5381	5047.92	66.8724	12725.5	71.3874	13171.4	14.2811	16989.9	58.7008	3834.73	120.737	-536.4300000000003	120.737
16384000	-71.4744	45.9419	599.908	0.0222221	4416.6	64.873	13192.1	33.1592	6206.66	60.7194	4950.33	63.6818	12918.9	59.3258	13226.3	36.9063	17022.2	48.5719	3802.93	120.857	-613.6700000000001	120.857
16515072	59.7842	48.5905	605.1900000000001	0.0276937	4475.28	70.7818	13200.1	41.6305	6209.23	61.1099	4958.9	63.7267	13113.7	42.6119	13382.4	20.549	17094.4	46.562	4100.02	128.754	-375.2599999999993	128.754
16646144	42.8745	51.1353	476.042	0.021436	4379.26	72.03149999999999	13252.4	20.8528	6100.84	61.7164	4956.18	64.1174	13019	50.6362	13329.8	24.1798	17105.5	35.8249	3801.5	125.279	-577.7599999999993	125.279
16777216	137.509	54.8971	479.539	0.0230604	4323	66.3254	13346.5	28.0849	6235.35	57.1277	5024.35	63.8203	13061.2	55.395	13425.8	26.5417	17254.2	45.4222	4016.48	132.021	-306.5100000000002	132.021